filename,artist
MZ0314a.jpg,kue00015
ob03898g.jpg,kue00015
MZ0107.jpg,kue00022
MZ1506a.jpg,kue00022
MZ1313a.jpg,kue00022
MZ0922a.jpg,kue00022
MZ0656a.jpg,kue00025
MZ0362a.jpg,kue00025
MZ0647a.jpg,kue00030
MZ0347a.jpg,kue00030
MZ1547a.jpg,kue00030
MZ0647b.jpg,kue00030
MZ0348b.jpg,kue00030
MZ0647c.jpg,kue00030
MZ2343a.jpg,kue00031
MZ2187a.jpg,kue00031
ob03515a.jpg,kue00031
ob03515b.jpg,kue00031
ob05264b.jpg,kue00031
ob05264c.jpg,kue00031
MZ2343b.jpg,kue00031
MZ0738a.jpg,kue00044
MZ1515a.jpg,kue00044
MZoA0002.jpg,kue00044
ob03115h.jpg,kue00044
MZ0681a.jpg,kue00048
MZ0769a.jpg,kue00048
MZ0175a.jpg,kue00048
MZ0248b.jpg,kue00048
MZ0629a.jpg,kue00048
MZ1643a.jpg,kue00049
ob02085b.jpg,kue00049
ob02850c.jpg,kue00049
ob04721d.jpg,kue00049
MZ1135a.jpg,kue00050
MZ1514a.jpg,kue00050
MZ1149a.jpg,kue00050
MZ1494a.jpg,kue00050
MZoA0037.jpg,kue00050
ob02620g.jpg,kue00050
ob02596c.jpg,kue00050
MZ0290a.jpg,kue00052
MZ1553a.jpg,kue00052
ob04259a.jpg,kue00052
ob03078t.jpg,kue00052
MZoA0057.jpg,kue00052
MZ0744a.jpg,kue00052
ob04126a.jpg,kue00052
MZ0895a.jpg,kue00053
MZ1639a.jpg,kue00053
MZ0123a.jpg,kue00053
MZ0253a.jpg,kue00055
MZ0360a.jpg,kue00055
MZ0364a.jpg,kue00055
MZoA0038.jpg,kue00055
MZ0423a.jpg,kue00056
MZ0941a.jpg,kue00056
MZ0161a.jpg,kue00056
MZoA0072.jpg,kue00056
MZ1060a.jpg,kue00068
MZ0193a.jpg,kue00068
ob03872l.jpg,kue00070
MZ1551a.jpg,kue00070
MZ1791a.jpg,kue00070
ob00871j.jpg,kue00070
MZ1083a.jpg,kue00090
MZ0677a.jpg,kue00090
MZ1520a.jpg,kue00090
MZoA0027.jpg,kue00090
MZ0755a.jpg,kue00092
ob02623d.jpg,kue00092
MZ0620a.jpg,kue00093
MZ2362a.jpg,kue00093
MZoA0091.jpg,kue00093
ob05974b.jpg,kue00093
ob02753b.jpg,kue00102
MZoA0060.jpg,kue00102
ob05747f.jpg,kue00102
MZ2475a.jpg,kue00103
MZ0240a.jpg,kue00103
MZ0981a.jpg,kue00103
MZ1208a.jpg,kue00103
MZ0054a.jpg,kue00103
MZ1783a.jpg,kue00103
ob05314a.jpg,kue00103
MZ0338a.jpg,kue00110
MZ0008a.jpg,kue00110
ob03033d.jpg,kue00110
MZ1279a.jpg,kue00110
MZ1478a.jpg,kue00111
MZoA0058.jpg,kue00111
MZ1183a.jpg,kue00115
MZ1605a.jpg,kue00115
MZ2398a.jpg,kue00115
ob05890b.jpg,kue00117
ob05987b.jpg,kue00117
MZ0882a.jpg,kue00119
ob02149b.jpg,kue00119
MZ1016a.jpg,kue00132
MZ1209a.jpg,kue00132
MZ0897a.jpg,kue00132
MZ0449a.jpg,kue00132
MZ0196a.jpg,kue00132
MZ1004a.jpg,kue00132
MZ1004b.jpg,kue00132
MZ0197a.jpg,kue00132
MZ0794a.jpg,kue00132
MZ1522a.jpg,kue00132
ob06105d.jpg,kue00132
MZ1707a.jpg,kue00141
MZ1836a.jpg,kue00141
MZ1307a.jpg,kue00141
MZ1335a.jpg,kue00141
R34063.jpg,kue00141
MZ0631a.jpg,kue00141
R34064.jpg,kue00141
MZ1782a.jpg,kue00142
MZ1105a.jpg,kue00142
MZ0850a.jpg,kue00146
MZ0412a.jpg,kue00146
MZ2222a.jpg,kue00146
MZ2628a.jpg,kue00146
ob03033c.jpg,kue00146
MZ0114.jpg,kue00160
MZ2631a.jpg,kue00160
MZ0644a.jpg,kue00160
MZoA0108.jpg,kue00160
MZ0645a.jpg,kue00160
MZ0457a.jpg,kue00160
MZ0155.jpg,kue00160
MZ0933a.jpg,kue00160
MZ0200a.jpg,kue00160
MZ0910a.jpg,kue00160
MZ0911a.jpg,kue00160
MZ0929a.jpg,kue00160
MZ2600a.jpg,kue00160
MZ2597a.jpg,kue00160
R34250.jpg,kue00160
MZ0581a.jpg,kue00160
MZ1122a.jpg,kue00160
MZ0242a.jpg,kue00161
MZ0238a.jpg,kue00161
MZ0237a.jpg,kue00161
MZ0112a.jpg,kue00161
MZoA0045.jpg,kue00161
MZ0789a.jpg,kue00167
MZ0793a.jpg,kue00167
ob06273b.jpg,kue00168
MZ0609a.jpg,kue00168
ob06153a.jpg,kue00168
ob06153b.jpg,kue00168
MZ1474a.jpg,kue00171
MZoA0056.jpg,kue00171
MZ1960a.jpg,kue00173
MZ1960b.jpg,kue00173
MZ0783a.jpg,kue00185
MZ0787a.jpg,kue00185
MZ0285a.jpg,kue00185
MZ1079a.jpg,kue00185
MZ1684a.jpg,kue00187
MZ1089a.jpg,kue00187
MZ1343a.jpg,kue00187
MZ1679a.jpg,kue00187
MZ1732a.jpg,kue00187
ob03142j.jpg,kue00187
MZ0806a.jpg,kue00188
MZ0807a.jpg,kue00188
MZ0900a.jpg,kue00188
MZ0410a.jpg,kue00188
MZoA0046.jpg,kue00188
MZ1703a.jpg,kue00193
MZ1620a.jpg,kue00193
MZ0953a.jpg,kue00193
MZ1302a.jpg,kue00199
ob04896e.jpg,kue00199
MZ1510b.jpg,kue00199
ob04299i.jpg,kue00202
MZ1483a.jpg,kue00202
MZoA0081.jpg,kue00202
ob04253k.jpg,kue00202
ob05569e.jpg,kue00202
MZoA0122.jpg,kue00202
MZ1042a.jpg,kue00204
MZ0995a.jpg,kue00204
MZ0010.jpg,kue00204
MZ0309a.jpg,kue00204
MZ0164a.jpg,kue00204
MZ0308a.jpg,kue00204
MZ1469a.jpg,kue00222
ob03036b.jpg,kue00222
ob04785b.jpg,kue00222
MZ0921a.jpg,kue00251
MZ0198a.jpg,kue00251
MZ0199a.jpg,kue00251
MZ0927a.jpg,kue00251
MZ1179a.jpg,kue00251
MZoA0036.jpg,kue00251
ob04633b.jpg,kue00251
MZ1534a.jpg,kue00261
MZ1655a.jpg,kue00261
MZ2625a.jpg,kue00261
MZ1273b.jpg,kue00264
MZ1301a.jpg,kue00264
ob03085b.jpg,kue00264
ob02694n.jpg,kue00264
MZ0669a.jpg,kue00281
MZ1953a.jpg,kue00281
MZ0664a.jpg,kue00281
MZ0318a.jpg,kue00283
MZ0133a.jpg,kue00283
MZ0346a.jpg,kue00283
MZ0334a.jpg,kue00283
MZ0126a.jpg,kue00293
MZ0742a.jpg,kue00293
ob03622h.jpg,kue00293
MZ0153a.jpg,kue00294
MZ0154a.jpg,kue00294
MZ1374a.jpg,kue00294
MZ2118a.jpg,kue00294
MZ0120.jpg,kue00296
MZ0634a.jpg,kue00296
MZ0634b.jpg,kue00296
MZ0219a.jpg,kue00296
MZ0966a.jpg,kue00296
ob02533b.jpg,kue00296
MZ0719a.jpg,kue00299
MZ0915a.jpg,kue00299
MZ0928a.jpg,kue00299
MZ0248a.jpg,kue00299
ob03592b.jpg,kue00299
MZ0233a.jpg,kue00304
MZ0827b.jpg,kue00304
MZ1379a.jpg,kue00304
MZ0283a.jpg,kue00304
MZ1058a.jpg,kue00304
MZ0239a.jpg,kue00304
MZ0439a.jpg,kue00304
MZ0939a.jpg,kue00304
MZ0937a.jpg,kue00304
MZ0658a.jpg,kue00311
MZ1363a.jpg,kue00311
ob03665a.jpg,kue00311
MZ0682a.jpg,kue00312
MZ0683a.jpg,kue00312
MZ0651a.jpg,kue00312
MZ0466a.jpg,kue00312
MZ2446a.jpg,kue00312
MZ1984a.jpg,kue00312
MZ0808a.jpg,kue00313
MZ0125.jpg,kue00313
ob05629b.jpg,kue00313
MZ0610a.jpg,kue00313
MZ0119.jpg,kue00313
MZ0070a.jpg,kue00313
MZ0122a.jpg,kue00313
MZ0122b.jpg,kue00313
MZ0368a.jpg,kue00313
MZoA0111.jpg,kue00313
MZ0213a.jpg,kue00317
MZ0214a.jpg,kue00317
MZ0307a.jpg,kue00317
MZ0307b.jpg,kue00317
MZ0307d.jpg,kue00317
MZ0307e.jpg,kue00317
MZ0373a.jpg,kue00317
MZ0819a.jpg,kue00317
MZ0822a.jpg,kue00317
MZ1649a.jpg,kue00317
MZoA0080.jpg,kue00317
MZ2013a.jpg,kue00317
UZ0307d.jpg,kue00317
UZ0307a.jpg,kue00317
MZ0652a.jpg,kue00320
MZ1557a.jpg,kue00320
MZ0274a.jpg,kue00322
MZ1466a.jpg,kue00322
MZ1736a.jpg,kue00322
MZ1789a.jpg,kue00327
MZ1803a.jpg,kue00327
MZ0678a.jpg,kue00331
MZ0336a.jpg,kue00331
MZ0680a.jpg,kue00331
MZ0102a.jpg,kue00331
MZ0679a.jpg,kue00331
ob04328g.jpg,kue00337
MZ1686a.jpg,kue00337
MZ0843a.jpg,kue00342
MZ0843b.jpg,kue00342
MZ2161a.jpg,kue00342
MZ2161b.jpg,kue00342
MZ2573a.jpg,kue00342
MZ2585a.jpg,kue00342
ob06270a.jpg,kue00342
MZ0124a.jpg,kue00344
ob01596a.jpg,kue00344
R33909.jpg,kue00344
MZoA0098.jpg,kue00344
ob03692a.jpg,kue00349
ob05023a.jpg,kue00349
ob05023b.jpg,kue00349
MZ0100a.jpg,kue00351
MZ0982a.jpg,kue00351
MZ1467a.jpg,kue00351
MZ2316a.jpg,kue00351
ob01363b.jpg,kue00351
MZ0097a.jpg,kue00358
MZ0097b.jpg,kue00358
MZ0785a.jpg,kue00362
MZ0605a.jpg,kue00362
MZ0117a.jpg,kue00362
MZ0261a.jpg,kue00362
MZ0428a.jpg,kue00362
MZ0762a.jpg,kue00362
ob05842a_02.jpg,kue00362
MZ2007a.jpg,kue00363
MZoA0110.jpg,kue00363
R33965.jpg,kue00364
ob04353f.jpg,kue00364
MZ0901a.jpg,kue00370
MZ1641a.jpg,kue00370
MZoA0070.jpg,kue00370
ob04727c.jpg,kue00370
MZ0907a.jpg,kue00370
MZ0926a.jpg,kue00390
MZ1134b.jpg,kue00390
MZ1134a.jpg,kue00390
MZ0282a.jpg,kue00390
MZ0845a.jpg,kue00390
MZ0845b.jpg,kue00390
MZ0845c.jpg,kue00390
MZ2256a.jpg,kue00390
MZ0206a.jpg,kue00390
ob02683c.jpg,kue00390
MZ0409a.jpg,kue00392
MZ1145a.jpg,kue00392
MZ0405a.jpg,kue00392
MZ0743a.jpg,kue00392
MZ0902a.jpg,kue00392
MZ1128a.jpg,kue00392
ob03173c.jpg,kue00392
ob05292a.jpg,kue00392
MZ0791a.jpg,kue00399
ob01776f.jpg,kue00399
MZ0825a.jpg,kue00402
MZ0667a.jpg,kue00402
MZ0667b.jpg,kue00402
MZ0617a.jpg,kue00402
MZ0144a.jpg,kue00402
MZ0408a.jpg,kue00402
MZ1559a.jpg,kue00402
MZoA0042.jpg,kue00402
MZ0106.jpg,kue00402
MZ0217a.jpg,kue00405
MZ0215a.jpg,kue00405
MZoA0016.jpg,kue00405
MZoA0017.jpg,kue00405
MZ1760a.jpg,kue00411
MZ0648a.jpg,kue00411
MZ1618a.jpg,kue00411
MZ2400a.jpg,kue00411
ob05809i.jpg,kue00411
MZ0615a.jpg,kue00412
MZ0247a.jpg,kue00412
MZ0400a.jpg,kue00412
MZ1367a.jpg,kue00412
MZ1368a.jpg,kue00412
ob04160c.jpg,kue00412
MZ1712a.jpg,kue00414
MZ0268a.jpg,kue00414
MZ1246a.jpg,kue00414
MZ1635a.jpg,kue00414
MZ1563a.jpg,kue00414
ob04667f.jpg,kue00414
ob03205a.jpg,kue00414
ob02971d.jpg,kue00414
MZ0376a.jpg,kue00415
MZ1546a.jpg,kue00415
ob01501h.jpg,kue00415
ob02535b.jpg,kue00415
MZoA0040.jpg,kue00417
ob05989b.jpg,kue00417
ob06274b.jpg,kue00417
MZ0343a.jpg,kue00429
MZ0081a.jpg,kue00429
MZ0416a.jpg,kue00429
MZ1425a.jpg,kue00429
MZ1441a.jpg,kue00429
ob05097h.jpg,kue00429
MZ1510a.jpg,kue00430
MZ1835a.jpg,kue00430
ob03519b.jpg,kue00430
MZ0254a.jpg,kue00430
MZ1583a.jpg,kue00435
MZoA0019.jpg,kue00435
MZ0639a.jpg,kue00449
MZ0426a.jpg,kue00449
MZ0786a.jpg,kue00449
MZ1612a.jpg,kue00449
MZ1388a.jpg,kue00449
MZ0746a.jpg,kue00449
MZ0754a.jpg,kue00449
MZ2100a.jpg,kue00465
MZ0179a.jpg,kue00465
MZ0637a.jpg,kue00468
MZ1366a.jpg,kue00468
MZ0729a.jpg,kue00468
MZ0673a.jpg,kue00468
MZ1360a.jpg,kue00468
MZ1472a.jpg,kue00468
MZoA0041.jpg,kue00468
MZ2009a.jpg,kue00491
MZoA0107.jpg,kue00491
MZ1771a.jpg,kue00492
MZ1768a.jpg,kue00492
ob05527h.jpg,kue00492
ob05488a.jpg,kue00492
MZ0616a.jpg,kue00493
MZ0621a.jpg,kue00493
MZ1623a.jpg,kue00493
MZ1683a.jpg,kue00499
ob02537b.jpg,kue00499
MZ0802a.jpg,kue00502
MZ0418a.jpg,kue00502
MZ0118.jpg,kue00502
MZ0118b.jpg,kue00502
MZ0294a.jpg,kue00502
MZoA0022.jpg,kue00502
ob04764a.jpg,kue00502
MZ0101.jpg,kue00502
MZ0622a.jpg,kue00502
MZ0640a.jpg,kue00502
MZ0899a.jpg,kue00502
MZ1513a.jpg,kue00502
MZ0289a.jpg,kue00502
MZ0989a.jpg,kue00503
MZ0923a.jpg,kue00503
MZ0624a.jpg,kue00503
MZ0633a.jpg,kue00503
MZ0272a.jpg,kue00503
MZ2641a.jpg,kue00503
MZ1300a.jpg,kue00505
ob03227m.jpg,kue00505
MZ1927a.jpg,kue00519
MZ1619a.jpg,kue00519
MZ2237a.jpg,kue00532
MZoA0049.jpg,kue00532
MZ0854a.jpg,kue00537
MZ0854b.jpg,kue00537
MZ0351a.jpg,kue00538
MZ0351b.jpg,kue00538
MZ0643a.jpg,kue00538
ob03626b.jpg,kue00538
ob03626d_02.jpg,kue00538
MZ0141a.jpg,kue00539
MZ0176a.jpg,kue00539
MZ0176b.jpg,kue00539
ob05995b.jpg,kue00539
MZ0779a.jpg,kue00543
MZ1378a.jpg,kue00543
MZ1798a.jpg,kue00550
ob03841k.jpg,kue00550
MZ2213a.jpg,kue00553
ob04653d.jpg,kue00553
MZ0861a.jpg,kue00555
MZ0991a.jpg,kue00555
MZ1070a.jpg,kue00555
MZ1909a.jpg,kue00555
MZ0885a.jpg,kue00557
MZ0889a.jpg,kue00557
MZ1685a.jpg,kue00557
ob04106c.jpg,kue00557
MZ0332b.jpg,kue00563
MZ0333a.jpg,kue00563
MZ0332a.jpg,kue00563
MZ0333b.jpg,kue00563
MZ0349a.jpg,kue00563
MZ1014a.jpg,kue00569
MZ2595a.jpg,kue00569
MZ0596a.jpg,kue00569
MZ0837a.jpg,kue00569
MZ2321a.jpg,kue00569
MZ1285a.jpg,kue00569
MZ2225a.jpg,kue00569
MZ0777a.jpg,kue00569
MZ1021a.jpg,kue00569
MZ0777b.jpg,kue00569
MZ0653a.jpg,kue00587
MZ2140a.jpg,kue00587
MZ1144a.jpg,kue00587
MZ1767a.jpg,kue00587
MZ2336a.jpg,kue00587
ob03126m_01.jpg,kue00587
MZ0730a.jpg,kue00588
MZ0986a.jpg,kue00588
MZ0152a.jpg,kue00588
MZ0435a.jpg,kue00588
MZ1025a.jpg,kue00588
MZ2127a.jpg,kue00588
MZ1119a.jpg,kue00588
MZ2124a.jpg,kue00588
MZ1628a.jpg,kue00588
MZ1389a.jpg,kue00588
MZ0815a.jpg,kue00588
MZ0564a.jpg,kue00588
MZoA0030.jpg,kue00588
MZoA0032.jpg,kue00588
MZ2643a.jpg,kue00588
ob02967e.jpg,kue00588
ob03134f.jpg,kue00588
ob04115c.jpg,kue00588
ob04174c.jpg,kue00588
ob05345c.jpg,kue00588
ob03627p.jpg,kue00588
ob02964l.jpg,kue00588
ob03123e_02.jpg,kue00588
ob03090d.jpg,kue00588
ob04095c.jpg,kue00588
ob04128c.jpg,kue00588
ob05503c.jpg,kue00588
MZ1769a.jpg,kue00603
MZ0139.jpg,kue00603
MZ2358a.jpg,kue00603
MZ0271a.jpg,kue00603
MZ1531a.jpg,kue00603
ob02978b.jpg,kue00616
ob03341d.jpg,kue00616
MZ0665a.jpg,kue00621
ob03562d.jpg,kue00621
MZ1095a.jpg,kue00628
MZ1178a.jpg,kue00628
MZ1184a.jpg,kue00628
MZ0089a.jpg,kue00628
MZ0726a.jpg,kue00628
MZ1084a.jpg,kue00628
ob02857g.jpg,kue00628
MZ1560b.jpg,kue00629
MZ1560a.jpg,kue00629
ob01508g.jpg,kue00629
MZ0826a.jpg,kue00636
ob03581h.jpg,kue00636
MZ1143a.jpg,kue00656
MZ1053a.jpg,kue00656
MZ1094a.jpg,kue00656
MZoA0044.jpg,kue00656
MZ1350a.jpg,kue00656
MZ0838a.jpg,kue00657
MZ0115.jpg,kue00657
ob03688b.jpg,kue00657
MZ1062a.jpg,kue00657
MZ0202a.jpg,kue00657
MZ0434a.jpg,kue00657
MZ1282a.jpg,kue00657
ob03432h.jpg,kue00657
ob05528b.jpg,kue00657
MZ0672a.jpg,kue00657
MZ2274a.jpg,kue00657
ob04728b.jpg,kue00657
ob02218c_01.jpg,kue00657
ob06475i.jpg,kue00657
MZ1284a.jpg,kue00661
MZ0540a.jpg,kue00661
MZ0163a.jpg,kue00661
MZ0540b.jpg,kue00661
MZ1535a.jpg,kue00661
MZ2270a.jpg,kue00661
MZoA0020.jpg,kue00661
ob01511d.jpg,kue00661
MZ1496a.jpg,kue00663
MZ0823a.jpg,kue00663
ob05476b.jpg,kue00664
ob06602_02.jpg,kue00664
ob06602_03.jpg,kue00664
MZ0255a.jpg,kue00665
MZ0245a.jpg,kue00665
MZ0739a.jpg,kue00665
MZ0029a.jpg,kue00665
MZoA0048.jpg,kue00665
MZoA0088.jpg,kue00665
MZ0465a.jpg,kue00669
MZ1616a.jpg,kue00669
MZ0355a.jpg,kue00676
MZ0354a.jpg,kue00676
MZ0353a.jpg,kue00676
MZ1817b.jpg,kue00678
MZ2173a.jpg,kue00678
ob05101y.jpg,kue00682
MZ2297a.jpg,kue00682
MZ0021a.jpg,kue00691
MZoA0077.jpg,kue00691
ob06464j.jpg,kue00691
MZ0356a.jpg,kue00694
MZ0363a.jpg,kue00694
MZ0369a.jpg,kue00694
MZ0844a.jpg,kue00694
MZ0685a.jpg,kue00695
MZ2640a.jpg,kue00695
MZ0803a.jpg,kue00701
ob05096c.jpg,kue00701
ob05096d.jpg,kue00701
MZ0668b.jpg,kue00710
MZ0541b.jpg,kue00712
MZ0156a.jpg,kue00712
MZ1118a.jpg,kue00712
MZ1150a.jpg,kue00714
MZ0717a.jpg,kue00714
MZ0718a.jpg,kue00714
ob04130c.jpg,kue00714
ob04487a.jpg,kue00714
MZ1340a.jpg,kue00716
MZoA0006.jpg,kue00716
ob05494d.jpg,kue00716
MZ0920a.jpg,kue00717
MZ1361a.jpg,kue00717
MZ0321a.jpg,kue00717
MZ1102a.jpg,kue00717
ob02316d.jpg,kue00717
MZ1262a.jpg,kue00719
MZ0728a.jpg,kue00719
MZ0093a.jpg,kue00719
MZ1406a.jpg,kue00719
MZoA0071.jpg,kue00719
MZ1706a.jpg,kue00721
MZ1298a.jpg,kue00721
MZ0361a.jpg,kue00726
MZ0358a.jpg,kue00726
MZ0406a.jpg,kue00726
MZ0105.jpg,kue00726
MZ0130a.jpg,kue00726
MZoA0028.jpg,kue00726
MZ0745a.jpg,kue00726
MZ1115a.jpg,kue00726
MZ2322a.jpg,kue00726
MZ0374b.jpg,kue00728
MZ0374a.jpg,kue00728
MZ1310a.jpg,kue00733
MZoA0005.jpg,kue00733
ob03089m.jpg,kue00733
ob05950b.jpg,kue00733
MZ0342a.jpg,kue00745
MZ0538a.jpg,kue00745
MZ1088a.jpg,kue00745
MZ1278a.jpg,kue00745
MZ1481a.jpg,kue00747
MZoA0059.jpg,kue00747
MZ0267a.jpg,kue00749
MZ1448a.jpg,kue00749
MZ0205a.jpg,kue00751
MZ1561a.jpg,kue00751
MZ0147.jpg,kue00752
MZ0291a.jpg,kue00752
MZ1451a.jpg,kue00752
MZ2727a.jpg,kue00752
MZoA0053.jpg,kue00752
ob05262d.jpg,kue00752
MZ0857a.jpg,kue00763
MZ0365a.jpg,kue00763
MZ0398a.jpg,kue00784
MZ0278a.jpg,kue00784
MZ0514a.jpg,kue00784
MZ0270a.jpg,kue00784
MZ0595a.jpg,kue00784
MZ0322a.jpg,kue00784
MZ0898a.jpg,kue00786
MZ0436a.jpg,kue00786
MZ0446a.jpg,kue00786
MZ0446b.jpg,kue00786
MZ0704a.jpg,kue00786
MZ2630a.jpg,kue00786
ob05344d.jpg,kue00786
ob04731d.jpg,kue00786
ob03469g.jpg,kue00786
ob02605b.jpg,kue00786
ob03487g.jpg,kue00786
MZ1133a.jpg,kue00788
MZ1133b.jpg,kue00788
MZ1015a.jpg,kue00788
MZ0236a.jpg,kue00789
MZ1386a.jpg,kue00789
MZ0234a.jpg,kue00789
MZ2219a.jpg,kue00789
ob01597a.jpg,kue00789
MZ0493a.jpg,kue00794
MZ2103a.jpg,kue00794
ob04485b.jpg,kue00794
ob04430c.jpg,kue00794
MZ0942a.jpg,kue00804
MZ0942b.jpg,kue00804
MZ1544a.jpg,kue00804
MZ1911a.jpg,kue00804
MZ0230a.jpg,kue00820
MZ2392a.jpg,kue00820
ob04152c.jpg,kue00820
MZ2179a.jpg,kue00820
MZ1897a.jpg,kue00821
MZoA0095.jpg,kue00821
MZ0872a.jpg,kue00823
MZ0189a.jpg,kue00823
MZ0695a.jpg,kue00823
MZ2252a.jpg,kue00823
MZ0494a.jpg,kue00823
MZ0510a.jpg,kue00823
MZ1908a.jpg,kue00823
MZ0705a.jpg,kue00826
MZ0705b.jpg,kue00826
MZ0469a.jpg,kue00826
MZ0511a.jpg,kue00826
MZ0433a.jpg,kue00826
MZ0433b.jpg,kue00826
MZ0185a.jpg,kue00826
MZ0601a.jpg,kue00826
MZ0569a.jpg,kue00826
MZ0516a.jpg,kue00826
MZ0973a.jpg,kue00826
MZ0993a.jpg,kue00826
MZ2000a.jpg,kue00826
MZ2209a.jpg,kue00826
MZ2581a.jpg,kue00826
ob01061f.jpg,kue00826
MZ0184a.jpg,kue00840
MZ1033a.jpg,kue00840
MZ0521a.jpg,kue00840
MZ1883a.jpg,kue00840
MZ1352a.jpg,kue00840
MZ2659a.jpg,kue00840
MZ0841a.jpg,kue00858
MZ1017a.jpg,kue00858
MZ1398c.jpg,kue00858
MZ2809a.jpg,kue00858
MZ2681a.jpg,kue00865
MZ0442a.jpg,kue00865
MZ1158a.jpg,kue00865
MZ1885a.jpg,kue00865
R34302.jpg,kue00865
MZ0713a.jpg,kue00875
MZ0931a.jpg,kue00875
MZ0441a.jpg,kue00875
MZ0532a.jpg,kue00875
MZ1010a.jpg,kue00875
MZ2258a.jpg,kue00875
MZ2258b.jpg,kue00875
MZ2261a.jpg,kue00875
MZ2496a.jpg,kue00875
MZ2496b.jpg,kue00875
MZ2788a_01.jpg,kue00875
MZ0592a.jpg,kue00879
MZ0535a.jpg,kue00879
MZ1026a.jpg,kue00879
MZ0329a.jpg,kue00879
MZ0399a.jpg,kue00879
MZ1920a.jpg,kue00879
MZ2112a.jpg,kue00879
MZoA0021.jpg,kue00879
MZ2010a.jpg,kue00880
MZ2105a.jpg,kue00880
MZ2748a.jpg,kue00880
MZ0443a.jpg,kue00881
MZ1035a.jpg,kue00881
MZ1039a.jpg,kue00881
ob03647d_01.jpg,kue00881
ob03204c_01.jpg,kue00881
MZ2513a.jpg,kue00881
MZ2670a.jpg,kue00881
MZ0707a.jpg,kue00888
MZ2556a.jpg,kue00888
MZ0451a.jpg,kue00888
MZ0797a.jpg,kue00888
MZ1269a.jpg,kue00888
MZ0086.jpg,kue00888
MZ0496a.jpg,kue00892
MZ2019a.jpg,kue00892
VB2272b.jpg,kue00893
VB1811a.jpg,kue00893
VB2272a.jpg,kue00893
VB2645a.jpg,kue00893
ob04718c_02.jpg,kue00893
VB2655a.jpg,kue00893
MZ0753a.jpg,kue00909
MZ0983a.jpg,kue00909
MZ1811a.jpg,kue00909
MZ0591a.jpg,kue00909
MZ0856a.jpg,kue00909
MZ0904a.jpg,kue00909
MZ0909a.jpg,kue00909
R34304.jpg,kue00909
MZ1408a.jpg,kue00911
MZ2119a.jpg,kue00911
MZ2588a.jpg,kue00911
MZ1915a.jpg,kue00911
MZ1912a.jpg,kue00911
MZ0440a.jpg,kue00933
MZ2774a.jpg,kue00933
MZ2003a.jpg,kue00940
MZ0693a.jpg,kue00940
MZ0972a.jpg,kue00943
MZ0396a.jpg,kue00943
MZ0395a.jpg,kue00943
MZ0476a.jpg,kue00943
MZ2104a.jpg,kue00943
MZ2713b.jpg,kue00943
MZ0573a.jpg,kue00961
MZ0711a.jpg,kue00961
MZ1381a.jpg,kue00961
MZ2760a.jpg,kue00961
MZ0871a.jpg,kue00968
MZ1129a.jpg,kue00968
MZ2571a.jpg,kue00968
MZ2571b.jpg,kue00968
MZ2570a.jpg,kue00968
MZ2753a.jpg,kue00968
MZ0585a.jpg,kue01001
MZ0194a.jpg,kue01001
MZ0327a.jpg,kue01001
MZ0969a.jpg,kue01001
MZ0834a.jpg,kue01001
MZ2758a.jpg,kue01001
MZ2772a.jpg,kue01001
MZ2780a.jpg,kue01001
ob04015b.jpg,kue01001
ob04349c.jpg,kue01001
ob04649a.jpg,kue01001
ob05947d_01.jpg,kue01001
MZ2771a.jpg,kue01001
MZ0444a.jpg,kue01001
MZ0758a.jpg,kue01001
MZ0763a.jpg,kue01001
MZ1007a.jpg,kue01001
MZ2333a.jpg,kue01001
MZ0586a.jpg,kue01001
MZ0698a.jpg,kue01001
MZ0380a.jpg,kue01001
MZ2596a.jpg,kue01001
MZ2778a.jpg,kue01001
ob04424c.jpg,kue01001
ob02633b_01.jpg,kue01001
ob04477d.jpg,kue01001
ob03203d_01.jpg,kue01001
ob03216j_01.jpg,kue01001
MZ0241a.jpg,kue01052
MZ0618a.jpg,kue01052
MZ0761a.jpg,kue01052
MZ0310a.jpg,kue01052
MZ0965a.jpg,kue01052
ob00166b_01.jpg,kue01052
ob02668d.jpg,kue01052
ob05095b.jpg,kue01119
ob05094b.jpg,kue01119
MZ2620a.jpg,kue01119
ob04611f.jpg,kue01119
MZ0453a.jpg,kue01638
MZ0188a.jpg,kue01638
MZ0946a.jpg,kue01638
MZ0975a.jpg,kue01638
MZ0976a.jpg,kue01638
MZ1242a.jpg,kue01638
MZ1924a.jpg,kue01638
ob03389d_02.jpg,kue01638
MZ1391a.jpg,kue01638
MZ2704a.jpg,kue01638
ob06074b_01.jpg,kue01638
ob03054k_01.jpg,kue01644
MZ1382a.jpg,kue01644
MZ0482a.jpg,kue01645
MZ0483a.jpg,kue01645
MZ0488a.jpg,kue01645
MZ0829a.jpg,kue01645
MZ0688a.jpg,kue01645
MZ1155a.jpg,kue01645
MZ0386a.jpg,kue01645
MZ1564a.jpg,kue01655
MZ0724a.jpg,kue01655
MZ0970a.jpg,kue01655
ob02602e_01.jpg,kue01655
MZ0725a.jpg,kue01655
ob02613c_02.jpg,kue01655
MZ0387a.jpg,kue01676
MZ0388a.jpg,kue01676
MZ0490a.jpg,kue01676
MZ2863a.jpg,kue01676
MZ1914a.jpg,kue01677
MZ2301a.jpg,kue01677
MZ2873a.jpg,kue01677
MZ2242a.jpg,kue01696
MZ2616b.jpg,kue01696
MZ2616c.jpg,kue01696
MZ2616a.jpg,kue01702
MZ2488a.jpg,kue01702
MZ2823a.jpg,kue01702
MZ0979a.jpg,kue01705
MZ2604a.jpg,kue01705
ob04781b.jpg,kue02297
ob04155b.jpg,kue02297
MZ0800a.jpg,kue02300
MZ2300a.jpg,kue02300
MZ2706a.jpg,kue02300
MZ2882a.jpg,kue02300
MZ0292a.jpg,kue02309
MZ0292b.jpg,kue02309
MZ0287a.jpg,kue02315
MZ0530a.jpg,kue02315
MZ0597a.jpg,kue02328
MZ0597b.jpg,kue02328
MZ2226a.jpg,kue02328
MZ0583b.jpg,kue02333
MZ0583a.jpg,kue02333
MZ0875a.jpg,kue02333
MZ0748a.jpg,kue02347
MZ0039a.jpg,kue02347
MZ0437a.jpg,kue02347
MZ0992a.jpg,kue02347
MZ0996a.jpg,kue02347
MZ1613a.jpg,kue02347
MZ0967a.jpg,kue02348
MZ1887a.jpg,kue02348
MZ2536a.jpg,kue02348
MZ2106a.jpg,kue02349
MZ2855a.jpg,kue02349
ob05294c.jpg,kue02352
MZ2636a.jpg,kue02352
MZ1799a.jpg,kue02352
ob06098b.jpg,kue02355
MZ0690a.jpg,kue02357
MZ2708a_01.jpg,kue02357
MZ2284a.jpg,kue02358
MZ2284b.jpg,kue02358
MZ0792a.jpg,kue02358
MZ0165a.jpg,kue02376
MZ0263a.jpg,kue02376
MZ1121a.jpg,kue02376
MZoA0012.jpg,kue02384
MZoA0102.jpg,kue02384
MZ1297a.jpg,kue02390
MZ2608a.jpg,kue02390
MZ2055a.jpg,kue02394
MZ2055b.jpg,kue02394
MZoA0047.jpg,kue02394
ob03544a_01.jpg,kue02394
MZ0407a.jpg,kue02404
MZ0407b.jpg,kue02404
ob04092j.jpg,kue02404
MZ1086a.jpg,kue02406
MZ1296a.jpg,kue02406
MZ2186a.jpg,kue02406
MZ1852a.jpg,kue02407
MZ1797a.jpg,kue02407
MZ1886a.jpg,kue02407
MZ2184a.jpg,kue02407
MZ0598a.jpg,kue02409
MZ0598b.jpg,kue02409
ob05700d.jpg,kue02413
MZ2500a.jpg,kue02413
MZ1906a.jpg,kue02414
ob04242d.jpg,kue02414
MZ2373a.jpg,kue02417
ob05403d_01.jpg,kue02417
